{"Chennai Super Kings": 0.5725490196078431, "Deccan Chargers": 0.5066666666666667, "Delhi Capitals": 0.49074074074074076, "Delhi Daredevils": 0.45625, "Gujarat Lions": 0.4666666666666667, "Gujarat Titans": 0.515625, "Kings XI Punjab": 0.4789473684210526, "Kochi Tuskers Kerala": 0.35714285714285715, "Kolkata Knight Riders": 0.45692883895131087, "Lucknow Super Giants": 0.4426229508196721, "Mumbai Indians": 0.5409252669039146, "Pune Warriors": 0.3111111111111111, "Punjab Kings": 0.5263157894736842, "Rajasthan Royals": 0.5313807531380753, "Rising Pune Supergiant": 0.75, "Rising Pune Supergiants": 0.35714285714285715, "Royal Challengers Bangalore": 0.49372384937238495, "Royal Challengers Bengaluru": 0.5882352941176471, "Sunrisers Hyderabad": 0.47}