{"Chennai Super Kings": 0.57421875, "Deccan Chargers": 0.5066666666666667, "Delhi Capitals": 0.49074074074074076, "Delhi Daredevils": 0.45625, "Gujarat Lions": 0.4666666666666667, "Gujarat Titans": 0.515625, "Kings XI Punjab": 0.4789473684210526, "Kochi Tuskers Kerala": 0.35714285714285715, "Kolkata Knight Riders": 0.4552238805970149, "Lucknow Super Giants": 0.43548387096774194, "Mumbai Indians": 0.5390070921985816, "Pune Warriors": 0.3111111111111111, "Punjab Kings": 0.5324675324675324, "Rajasthan Royals": 0.5313807531380753, "Rising Pune Supergiant": 0.75, "Rising Pune Supergiants": 0.35714285714285715, "Royal Challengers Bangalore": 0.49372384937238495, "Royal Challengers Bengaluru": 0.6, "Sunrisers Hyderabad": 0.47}